close,date
27.996,2015-11-02
28.3172,2015-11-03
28.1855,2015-11-04
28.0555,2015-11-05
28.088,2015-11-06
27.9743,2015-11-09
27.0927,2015-11-10
26.9395,2015-11-11
26.8491,2015-11-12
26.0648,2015-11-13
26.4906,2015-11-16
26.3781,2015-11-17
27.2133,2015-11-18
27.559,2015-11-19
27.6797,2015-11-20
27.3201,2015-11-23
27.5822,2015-11-24
27.385,2015-11-25
27.334,2015-11-27
27.4477,2015-11-30
27.2249,2015-12-01
26.979,2015-12-02
26.7284,2015-12-03
27.617,2015-12-04
27.443,2015-12-07
27.4314,2015-12-08
26.8259,2015-12-09
26.9535,2015-12-10
26.2597,2015-12-11
26.0973,2015-12-14
25.6356,2015-12-15
25.8328,2015-12-16
25.2853,2015-12-17
24.6008,2015-12-18
24.9024,2015-12-21
24.8792,2015-12-22
25.1994,2015-12-23
25.0648,2015-12-24
24.7841,2015-12-28
25.2296,2015-12-29
24.9001,2015-12-30
24.4222,2015-12-31
24.443,2016-01-04
23.8305,2016-01-05
23.3642,2016-01-06
22.3781,2016-01-07
22.4964,2016-01-08
22.8607,2016-01-11
23.1925,2016-01-12
22.5962,2016-01-13
23.0904,2016-01-14
22.5359,2016-01-15
22.4268,2016-01-19
22.457,2016-01-20
22.3433,2016-01-21
23.5312,2016-01-22
23.0718,2016-01-25
23.1994,2016-01-26
21.6751,2016-01-27
21.8305,2016-01-28
22.5846,2016-01-29
22.3734,2016-02-01
21.921,2016-02-02
22.3549,2016-02-03
22.5345,2016-02-04
21.9326,2016-02-05
22.1636,2016-02-08
22.1589,2016-02-09
21.991,2016-02-10
21.858,2016-02-11
21.9257,2016-02-12
22.5438,2016-02-16
22.8891,2016-02-17
22.4552,2016-02-18
22.4039,2016-02-19
22.5998,2016-02-22
22.0889,2016-02-23
22.4179,2016-02-24
22.5718,2016-02-25
22.6068,2016-02-26
22.5555,2016-02-29
23.4513,2016-03-01
23.5026,2016-03-02
23.6776,2016-03-03
24.0298,2016-03-04
23.7639,2016-03-07
23.5679,2016-03-08
23.5889,2016-03-09
23.6006,2016-03-10
23.8548,2016-03-11
23.9155,2016-03-14
24.396,2016-03-15
24.7203,2016-03-16
24.6806,2016-03-17
24.7086,2016-03-18
24.7063,2016-03-21
24.8953,2016-03-22
24.7576,2016-03-23
24.6503,2016-03-24
24.5383,2016-03-28
25.1192,2016-03-29
25.5578,2016-03-30
25.4248,2016-03-31
25.6581,2016-04-01
25.9217,2016-04-04
25.6161,2016-04-05
25.8844,2016-04-06
25.3198,2016-04-07
25.3478,2016-04-08
25.4318,2016-04-11
25.763,2016-04-12
26.1363,2016-04-13
26.1503,2016-04-14
25.6254,2016-04-15
25.0725,2016-04-18
24.9396,2016-04-19
24.9909,2016-04-20
24.7203,2016-04-21
24.6527,2016-04-22
24.5127,2016-04-25
24.3424,2016-04-26
22.8191,2016-04-27
22.1216,2016-04-28
21.8673,2016-04-29
21.844,2016-05-02
22.2033,2016-05-03
21.9723,2016-05-04
21.8831,2016-05-05
21.7611,2016-05-06
21.7775,2016-05-09
21.9254,2016-05-10
21.7118,2016-05-11
21.2025,2016-05-12
21.2447,2016-05-13
22.0333,2016-05-16
21.9418,2016-05-17
22.1929,2016-05-18
22.1084,2016-05-19
22.3478,2016-05-20
22.6318,2016-05-23
22.9768,2016-05-24
23.3805,2016-05-25
23.5659,2016-05-26
23.5518,2016-05-27
23.4368,2016-05-31
23.1082,2016-06-01
22.9346,2016-06-02
22.9815,2016-06-03
23.1481,2016-06-06
23.242,2016-06-07
23.2209,2016-06-08
23.3875,2016-06-09
23.1951,2016-06-10
22.8454,2016-06-13
22.8735,2016-06-14
22.7984,2016-06-15
22.8947,2016-06-16
22.3736,2016-06-17
22.3197,2016-06-20
22.5098,2016-06-21
22.4253,2016-06-22
22.5544,2016-06-23
21.9207,2016-06-24
21.6015,2016-06-27
21.9653,2016-06-28
22.1554,2016-06-29
22.437,2016-06-30
22.5051,2016-07-01
22.2938,2016-07-05
22.4206,2016-07-06
22.5168,2016-07-07
22.6905,2016-07-08
22.7609,2016-07-11
22.8642,2016-07-12
22.7351,2016-07-13
23.1857,2016-07-14
23.1833,2016-07-15
23.4298,2016-07-18
23.4392,2016-07-19
23.4603,2016-07-20
23.3359,2016-07-21
23.1552,2016-07-22
22.8454,2016-07-25
22.6881,2016-07-26
24.162,2016-07-27
24.4883,2016-07-28
24.4577,2016-07-29
24.8896,2016-08-01
24.5211,2016-08-02
24.8286,2016-08-03
24.9819,2016-08-04
25.3619,2016-08-05
25.5719,2016-08-08
25.6757,2016-08-09
25.4846,2016-08-10
25.468,2016-08-11
25.527,2016-08-12
25.8338,2016-08-15
25.8102,2016-08-16
25.7724,2016-08-17
25.7394,2016-08-18
25.8055,2016-08-19
25.6049,2016-08-22
25.6851,2016-08-23
25.4916,2016-08-24
25.3831,2016-08-25
25.2344,2016-08-26
25.2061,2016-08-29
25.0126,2016-08-30
25.0362,2016-08-31
25.1849,2016-09-01
25.4208,2016-09-02
25.4138,2016-09-06
25.5695,2016-09-07
24.8994,2016-09-08
24.3354,2016-09-09
24.8805,2016-09-12
25.4728,2016-09-13
26.3742,2016-09-14
27.2708,2016-09-15
27.1175,2016-09-16
26.8013,2016-09-19
26.7989,2016-09-20
26.7942,2016-09-21
27.0467,2016-09-22
26.596,2016-09-23
26.6361,2016-09-26
26.6856,2016-09-27
26.8886,2016-09-28
26.4709,2016-09-29
26.6762,2016-09-30
26.5511,2016-10-03
26.6644,2016-10-04
26.6762,2016-10-05
26.8744,2016-10-06
26.9145,2016-10-07
27.3841,2016-10-10
27.4431,2016-10-11
27.6885,2016-10-12
27.6035,2016-10-13
27.7569,2016-10-14
27.7381,2016-10-17
27.7192,2016-10-18
27.6366,2016-10-19
27.6224,2016-10-20
27.5139,2016-10-21
27.7617,2016-10-24
27.9032,2016-10-25
27.2756,2016-10-26
27.0136,2016-10-27
26.8343,2016-10-28
26.7918,2016-10-31
26.3081,2016-11-01
26.3317,2016-11-02
26.0494,2016-11-03
25.8146,2016-11-04
26.187,2016-11-07
26.3412,2016-11-08
26.2985,2016-11-09
25.5656,2016-11-10
25.7174,2016-11-11
25.0723,2016-11-14
25.4043,2016-11-15
26.0874,2016-11-16
26.0779,2016-11-17
26.104,2016-11-18
26.5001,2016-11-21
26.5167,2016-11-22
26.3815,2016-11-23
26.5143,2016-11-25
26.4621,2016-11-28
26.436,2016-11-29
26.2131,2016-11-30
25.9688,2016-12-01
26.066,2016-12-02
25.8787,2016-12-05
26.0779,2016-12-06
26.3341,2016-12-07
26.5926,2016-12-08
27.0266,2016-12-09
26.8725,2016-12-12
27.3207,2016-12-13
27.3207,2016-12-14
27.4701,2016-12-15
27.5057,2016-12-16
27.6646,2016-12-19
27.7382,2016-12-20
27.7642,2016-12-21
27.5816,2016-12-22
27.6362,2016-12-23
27.8117,2016-12-27
27.6931,2016-12-28
27.686,2016-12-29
27.4701,2016-12-30
27.5484,2017-01-03
27.5176,2017-01-04
27.6575,2017-01-05
27.9659,2017-01-06
28.222,2017-01-09
28.2505,2017-01-10
28.4023,2017-01-11
28.2837,2017-01-12
28.2339,2017-01-13
28.4616,2017-01-17
28.4592,2017-01-18
28.4094,2017-01-19
28.4616,2017-01-20
28.4805,2017-01-23
28.4544,2017-01-24
28.9075,2017-01-25
28.9217,2017-01-26
28.9241,2017-01-27
28.8482,2017-01-30
28.7817,2017-01-31
30.5369,2017-02-01
30.4847,2017-02-02
30.6151,2017-02-03
30.9021,2017-02-06
31.1962,2017-02-07
31.3172,2017-02-08
31.5435,2017-02-09
31.472,2017-02-10
31.7507,2017-02-13
32.1628,2017-02-14
32.2796,2017-02-15
32.2403,2017-02-16
32.3296,2017-02-17
32.563,2017-02-21
32.6607,2017-02-22
32.5225,2017-02-23
32.5535,2017-02-24
32.6178,2017-02-27
32.6321,2017-02-28
33.2991,2017-03-01
33.1014,2017-03-02
33.2967,2017-03-03
33.1919,2017-03-06
33.2348,2017-03-07
33.1109,2017-03-08
33.0347,2017-03-09
33.1443,2017-03-10
33.1585,2017-03-13
33.1085,2017-03-14
33.4587,2017-03-15
33.5135,2017-03-16
33.3467,2017-03-17
33.6969,2017-03-20
33.311,2017-03-21
33.6874,2017-03-22
33.5683,2017-03-23
33.5016,2017-03-24
33.5587,2017-03-27
34.2543,2017-03-28
34.3305,2017-03-29
34.2853,2017-03-30
34.221,2017-03-31
34.2305,2017-04-03
34.4854,2017-04-04
34.3067,2017-04-05
34.221,2017-04-06
34.1447,2017-04-07
34.1042,2017-04-10
33.7374,2017-04-11
33.7779,2017-04-12
33.5992,2017-04-13
33.785,2017-04-17
33.635,2017-04-18
33.5111,2017-04-19
33.9303,2017-04-20
33.8898,2017-04-21
34.2162,2017-04-24
34.4282,2017-04-25
34.2257,2017-04-26
34.2519,2017-04-27
34.2186,2017-04-28
34.9165,2017-05-01
35.1381,2017-05-02
35.0309,2017-05-03
34.9046,2017-05-04
35.4835,2017-05-05
36.4482,2017-05-08
36.6816,2017-05-09
36.5077,2017-05-10
36.8235,2017-05-11
37.3377,2017-05-12
37.2421,2017-05-15
37.1871,2017-05-16
35.9385,2017-05-17
36.4862,2017-05-18
36.6106,2017-05-19
36.833,2017-05-22
36.7876,2017-05-23
36.6776,2017-05-24
36.8043,2017-05-25
36.7422,2017-05-26
36.7565,2017-05-30
36.5388,2017-05-31
36.6393,2017-06-01
37.1823,2017-06-02
36.8187,2017-06-05
36.9431,2017-06-06
37.1631,2017-06-07
37.0722,2017-06-08
35.6347,2017-06-09
34.7832,2017-06-12
35.063,2017-06-13
34.721,2017-06-14
34.5129,2017-06-15
34.0297,2017-06-16
35.0032,2017-06-19
34.6851,2017-06-20
34.8908,2017-06-21
34.8334,2017-06-22
34.9889,2017-06-23
34.8789,2017-06-26
34.3789,2017-06-27
34.8812,2017-06-28
34.367,2017-06-29
34.4483,2017-06-30
34.3239,2017-07-03
34.4651,2017-07-05
34.1398,2017-07-06
34.4866,2017-07-07
34.6971,2017-07-10
34.8095,2017-07-11
34.8597,2017-07-12
35.3453,2017-07-13
35.6491,2017-07-14
35.7734,2017-07-17
35.8978,2017-07-18
36.1227,2017-07-19
35.96,2017-07-20
35.9433,2017-07-21
36.3786,2017-07-24
36.5341,2017-07-25
36.7063,2017-07-26
36.0126,2017-07-27
35.7591,2017-07-28
35.5749,2017-07-31
35.8906,2017-08-01
37.5865,2017-08-02
37.211,2017-08-03
37.4071,2017-08-04
37.986,2017-08-07
38.2897,2017-08-08
38.5241,2017-08-09
37.2971,2017-08-10
37.8157,2017-08-11
38.3849,2017-08-14
38.8051,2017-08-15
38.649,2017-08-16
37.907,2017-08-17
37.8205,2017-08-18
37.7509,2017-08-21
38.368,2017-08-22
38.4161,2017-08-23
38.2456,2017-08-24
38.3873,2017-08-25
38.7739,2017-08-28
39.1197,2017-08-29
39.2253,2017-08-30
39.3814,2017-08-31
39.3934,2017-09-01
38.9203,2017-09-05
38.8795,2017-09-06
38.7234,2017-09-07
38.0919,2017-09-08
38.7811,2017-09-11
38.6274,2017-09-12
38.3368,2017-09-13
38.0079,2017-09-14
38.3921,2017-09-15
38.1015,2017-09-18
38.1159,2017-09-19
37.4772,2017-09-20
36.8336,2017-09-21
36.4734,2017-09-22
36.1516,2017-09-25
36.7736,2017-09-26
37.0353,2017-09-27
36.8072,2017-09-28
37.0089,2017-09-29
36.9345,2017-10-02
37.0954,2017-10-03
36.8552,2017-10-04
37.3139,2017-10-05
37.2923,2017-10-06
37.4219,2017-10-09
37.4363,2017-10-10
37.5924,2017-10-11
37.4604,2017-10-12
37.6981,2017-10-13
38.3921,2017-10-16
38.5337,2017-10-17
38.3632,2017-10-18
37.4556,2017-10-19
37.5204,2017-10-20
37.5012,2017-10-23
37.7245,2017-10-24
37.5588,2017-10-25
37.7989,2017-10-26
39.1533,2017-10-27
40.0346,2017-10-30
40.5917,2017-10-31
40.0754,2017-11-01
40.3683,2017-11-02
41.4225,2017-11-03
41.8427,2017-11-06
41.9772,2017-11-07
42.3206,2017-11-08
42.2341,2017-11-09
42.0944,2017-11-10
41.9257,2017-11-13
41.2919,2017-11-14
40.7472,2017-11-15
41.234,2017-11-16
41.0051,2017-11-17
40.9641,2017-11-20
41.7257,2017-11-21
42.1643,2017-11-22
42.1667,2017-11-24
41.9546,2017-11-27
41.7088,2017-11-28
40.8436,2017-11-29
41.4148,2017-11-30
41.222,2017-12-01
40.9207,2017-12-04
40.8822,2017-12-05
40.7303,2017-12-06
40.8051,2017-12-07
40.8171,2017-12-08
41.6124,2017-12-11
41.3786,2017-12-12
41.516,2017-12-13
41.5039,2017-12-14
41.9257,2017-12-15
42.5161,2017-12-18
42.063,2017-12-19
42.0173,2017-12-20
42.1763,2017-12-21
42.1763,2017-12-22
41.1063,2017-12-26
41.1135,2017-12-27
41.2292,2017-12-28
40.7834,2017-12-29
41.5136,2018-01-02
41.5063,2018-01-03
41.6991,2018-01-04
42.1739,2018-01-05
42.0173,2018-01-08
42.0124,2018-01-09
42.0028,2018-01-10
42.2414,2018-01-11
42.6776,2018-01-12
42.4607,2018-01-16
43.162,2018-01-17
43.2005,2018-01-18
43.0077,2018-01-19
42.6559,2018-01-22
42.6655,2018-01-23
41.9859,2018-01-24
41.2364,2018-01-25
41.3328,2018-01-26
40.4773,2018-01-29
40.2387,2018-01-30
40.3496,2018-01-31
40.4339,2018-02-01
38.6795,2018-02-02
37.7131,2018-02-05
39.2892,2018-02-06
38.4481,2018-02-07
37.3902,2018-02-08
37.8475,2018-02-09
39.372,2018-02-12
39.7664,2018-02-13
40.4996,2018-02-14
41.8595,2018-02-15
41.724,2018-02-16
41.5836,2018-02-20
41.3949,2018-02-21
41.7409,2018-02-22
42.4668,2018-02-23
43.3065,2018-02-26
43.1661,2018-02-27
43.1008,2018-02-28
42.3458,2018-03-01
42.6386,2018-03-02
42.7862,2018-03-05
42.7499,2018-03-06
42.3531,2018-03-07
42.8153,2018-03-08
43.5509,2018-03-09
43.9719,2018-03-12
43.5485,2018-03-13
43.1782,2018-03-14
43.2291,2018-03-15
43.0766,2018-03-16
42.4184,2018-03-19
42.4039,2018-03-20
41.4433,2018-03-21
40.8577,2018-03-22
39.9116,2018-03-23
41.8062,2018-03-26
40.7343,2018-03-27
40.2842,2018-03-28
40.5988,2018-03-29
40.3326,2018-04-02
40.7464,2018-04-03
41.5255,2018-04-04
41.8135,2018-04-05
40.744,2018-04-06
41.1481,2018-04-09
41.9224,2018-04-10
41.7264,2018-04-11
42.1377,2018-04-12
42.2805,2018-04-13
42.5443,2018-04-16
43.1299,2018-04-17
43.0331,2018-04-18
41.8135,2018-04-19
40.1003,2018-04-20
39.9842,2018-04-23
39.4276,2018-04-24
39.5994,2018-04-25
39.7373,2018-04-26
39.2776,2018-04-27
39.989,2018-04-30
40.9182,2018-05-01
42.7257,2018-05-02
42.8032,2018-05-03
44.4825,2018-05-04
44.8043,2018-05-07
45.0197,2018-05-08
45.3367,2018-05-09
45.9852,2018-05-10
45.8103,2018-05-11
45.7034,2018-05-14
45.288,2018-05-15
45.7107,2018-05-16
45.4216,2018-05-17
45.2564,2018-05-18
45.5771,2018-05-21
45.4629,2018-05-22
45.7544,2018-05-23
45.7034,2018-05-24
45.8078,2018-05-25
45.6427,2018-05-29
45.5455,2018-05-30
45.3925,2018-05-31
46.2111,2018-06-01
46.5973,2018-06-04
46.9568,2018-06-05
47.1196,2018-06-06
46.9932,2018-06-07
46.5657,2018-06-08
46.4516,2018-06-11
46.7066,2018-06-12
46.3228,2018-06-13
46.3471,2018-06-14
45.871,2018-06-15
45.8467,2018-06-18
45.1058,2018-06-19
45.3026,2018-06-20
45.05,2018-06-21
44.9188,2018-06-22
44.2508,2018-06-25
44.7998,2018-06-26
44.7342,2018-06-27
45.0597,2018-06-28
44.965,2018-06-29
45.4678,2018-07-02
44.6759,2018-07-03
45.0354,2018-07-05
45.6597,2018-07-06
46.2937,2018-07-09
46.2378,2018-07-10
45.6378,2018-07-11
46.403,2018-07-12
46.4758,2018-07-13
46.3738,2018-07-16
46.505,2018-07-17
46.2499,2018-07-18
46.6094,2018-07-19
46.5026,2018-07-20
46.5439,2018-07-23
46.8815,2018-07-24
47.3236,2018-07-25
47.1754,2018-07-26
46.3908,2018-07-27
46.1309,2018-07-30
46.2232,2018-07-31
48.9462,2018-08-01
50.377,2018-08-02
50.5227,2018-08-03
50.7851,2018-08-06
50.309,2018-08-07
50.343,2018-08-08
50.7389,2018-08-09
50.5878,2018-08-10
50.9144,2018-08-13
51.1289,2018-08-14
51.2484,2018-08-15
51.9992,2018-08-16
53.0376,2018-08-17
52.5208,2018-08-20
52.4184,2018-08-21
52.4209,2018-08-22
52.5281,2018-08-23
52.6914,2018-08-24
53.1253,2018-08-27
53.5543,2018-08-28
54.3539,2018-08-29
54.8536,2018-08-30
55.4874,2018-08-31
55.6653,2018-09-04
55.3021,2018-09-05
54.3831,2018-09-06
53.9444,2018-09-07
53.2204,2018-09-10
54.566,2018-09-11
53.8883,2018-09-12
55.19,2018-09-13
54.5635,2018-09-14
53.1107,2018-09-17
53.1985,2018-09-18
53.2301,2018-09-19
53.6348,2018-09-20
53.0571,2018-09-21
53.82,2018-09-24
54.1613,2018-09-25
53.7299,2018-09-26
54.8341,2018-09-27
55.0267,2018-09-28
55.3972,2018-10-01
55.8896,2018-10-02
56.5697,2018-10-03
55.5751,2018-10-04
54.6732,2018-10-05
54.5465,2018-10-08
55.3021,2018-10-09
52.7402,2018-10-10
52.2746,2018-10-11
54.1418,2018-10-12
52.9839,2018-10-15
54.1516,2018-10-16
53.9176,2018-10-17
52.6573,2018-10-18
53.4593,2018-10-19
53.7859,2018-10-22
54.2929,2018-10-23
52.4306,2018-10-24
53.5787,2018-10-25
52.7256,2018-10-26
51.7359,2018-10-29
51.9943,2018-10-30
53.3496,2018-10-31
54.1686,2018-11-01
50.5756,2018-11-02
49.1398,2018-11-05
49.6712,2018-11-06
51.1777,2018-11-07
50.9991,2018-11-08
50.0158,2018-11-09
47.4963,2018-11-12
47.0217,2018-11-13
45.6935,2018-11-14
46.8211,2018-11-15
47.3397,2018-11-16
45.4635,2018-11-19
43.2914,2018-11-20
43.2425,2018-11-21
42.1442,2018-11-23
42.7141,2018-11-26
42.6212,2018-11-27
44.2601,2018-11-28
43.92,2018-11-29
43.6828,2018-11-30
45.2091,2018-12-03
43.2205,2018-12-04
42.7386,2018-12-06
41.2146,2018-12-07
41.4862,2018-12-10
41.2489,2018-12-11
41.3639,2018-12-12
41.8164,2018-12-13
40.4784,2018-12-14
40.1017,2018-12-17
40.6227,2018-12-18
39.3556,2018-12-19
38.3625,2018-12-20
36.8703,2018-12-21
35.9163,2018-12-24
38.4456,2018-12-26
38.1961,2018-12-27
38.2157,2018-12-28
38.5851,2018-12-31
38.6291,2019-01-02
34.7813,2019-01-03
36.2661,2019-01-04
36.1854,2019-01-07
36.8752,2019-01-08
37.5014,2019-01-09
37.6213,2019-01-10
37.2519,2019-01-11
36.6918,2019-01-14
37.4427,2019-01-15
37.9002,2019-01-16
38.1252,2019-01-17
38.36,2019-01-18
37.499,2019-01-22
37.6506,2019-01-23
37.3522,2019-01-24
38.59,2019-01-25
38.2328,2019-01-28
37.8366,2019-01-29
40.4221,2019-01-30
40.7132,2019-01-31
40.7328,2019-02-01
41.8898,2019-02-04
42.6065,2019-02-05
42.6212,2019-02-06
41.8139,2019-02-07
41.8631,2019-02-08
41.6223,2019-02-11
41.981,2019-02-12
41.8066,2019-02-13
41.9589,2019-02-14
41.8655,2019-02-15
41.9908,2019-02-19
42.261,2019-02-20
42.0228,2019-02-21
42.492,2019-02-22
42.8015,2019-02-25
42.8261,2019-02-26
42.9587,2019-02-27
42.5362,2019-02-28
42.9833,2019-03-01
43.1995,2019-03-04
43.1209,2019-03-05
42.8727,2019-03-06
42.3765,2019-03-07
42.4772,2019-03-08
43.9487,2019-03-11
44.4425,2019-03-12
44.639,2019-03-13
45.1353,2019-03-14
45.7224,2019-03-15
46.1892,2019-03-18
45.8231,2019-03-19
46.2235,2019-03-20
47.926,2019-03-21
46.9335,2019-03-22
46.366,2019-03-25
45.887,2019-03-26
46.2997,2019-03-27
46.3611,2019-03-28
46.6633,2019-03-29
46.9802,2019-04-01
47.6631,2019-04-02
47.9899,2019-04-03
48.0734,2019-04-04
48.3952,2019-04-05
49.1567,2019-04-08
49.0093,2019-04-09
49.2845,2019-04-10
48.8742,2019-04-11
48.8546,2019-04-12
48.943,2019-04-15
48.9479,2019-04-16
49.9011,2019-04-17
50.0804,2019-04-18
50.245,2019-04-22
50.9697,2019-04-23
50.8911,2019-04-24
50.4293,2019-04-25
50.1885,2019-04-26
50.2647,2019-04-29
49.2968,2019-04-30
51.7165,2019-05-01
51.38,2019-05-02
52.0187,2019-05-03
51.2154,2019-05-06
49.8348,2019-05-07
49.8446,2019-05-08
49.3091,2019-05-09
48.6259,2019-05-10
45.7998,2019-05-13
46.5249,2019-05-14
47.0822,2019-05-15
46.875,2019-05-16
46.6087,2019-05-17
45.1513,2019-05-20
46.0168,2019-05-21
45.0748,2019-05-22
44.3054,2019-05-23
44.1352,2019-05-24
43.9528,2019-05-28
43.7431,2019-05-29
43.97,2019-05-30
43.1735,2019-05-31
42.737,2019-06-03
44.3005,2019-06-04
45.0156,2019-06-05
45.6765,2019-06-06
46.8923,2019-06-07
47.4916,2019-06-10
48.0415,2019-06-11
47.8886,2019-06-12
47.8787,2019-06-13
47.531,2019-06-14
47.8146,2019-06-17
48.9391,2019-06-18
48.7961,2019-06-19
49.1882,2019-06-20
49.0205,2019-06-21
48.9712,2019-06-24
48.2289,2019-06-25
49.2721,2019-06-26
49.2573,2019-06-27
48.8084,2019-06-28
49.7036,2019-07-01
49.9946,2019-07-02
50.4089,2019-07-03
50.3645,2019-07-05
49.3263,2019-07-08
49.6272,2019-07-09
50.1179,2019-07-10
49.7529,2019-07-11
50.1352,2019-07-12
50.6062,2019-07-15
50.4311,2019-07-16
50.1475,2019-07-17
50.7172,2019-07-18
49.9601,2019-07-19
51.1019,2019-07-22
51.5014,2019-07-23
51.4595,2019-07-24
51.0526,2019-07-25
51.2301,2019-07-26
51.7085,2019-07-29
51.4866,2019-07-30
52.5371,2019-07-31
51.4003,2019-08-01
50.3127,2019-08-02
47.679,2019-08-05
48.5816,2019-08-06
49.0846,2019-08-07
50.1672,2019-08-08
49.7538,2019-08-09
49.6276,2019-08-12
51.7292,2019-08-13
50.1895,2019-08-14
49.9395,2019-08-15
51.1178,2019-08-16
52.0709,2019-08-19
52.0733,2019-08-20
52.6377,2019-08-21
52.5932,2019-08-22
50.1623,2019-08-23
51.1153,2019-08-26
50.5386,2019-08-27
50.8777,2019-08-28
51.7391,2019-08-29
51.6723,2019-08-30
50.9198,2019-09-03
51.7837,2019-09-04
52.7962,2019-09-05
52.7912,2019-09-06
53.0165,2019-09-09
53.6428,2019-09-10
55.3483,2019-09-11
55.2233,2019-09-12
54.1502,2019-09-13
54.4349,2019-09-16
54.6329,2019-09-17
55.1454,2019-09-18
54.6973,2019-09-19
53.8977,2019-09-20
54.1428,2019-09-23
53.8854,2019-09-24
54.7146,2019-09-25
54.4324,2019-09-26
54.1676,2019-09-27
55.4424,2019-09-30
55.5959,2019-10-01
54.2022,2019-10-02
54.6626,2019-10-03
56.1949,2019-10-04
56.2073,2019-10-07
55.5488,2019-10-08
56.1999,2019-10-09
56.9574,2019-10-10
58.4723,2019-10-11
58.3882,2019-10-14
58.252,2019-10-15
58.0169,2019-10-16
58.2421,2019-10-17
58.5219,2019-10-18
59.5368,2019-10-21
59.4006,2019-10-22
60.1977,2019-10-23
60.2967,2019-10-24
61.0394,2019-10-25
61.6508,2019-10-28
60.225,2019-10-29
60.2175,2019-10-30
61.579,2019-10-31
63.3267,2019-11-01
63.7425,2019-11-04
63.651,2019-11-05
63.6782,2019-11-06
64.4131,2019-11-07
64.5894,2019-11-08
65.1009,2019-11-11
65.0413,2019-11-12
65.6645,2019-11-13
65.2101,2019-11-14
65.9848,2019-11-15
66.3175,2019-11-18
66.1164,2019-11-19
65.3467,2019-11-20
65.0537,2019-11-21
64.9966,2019-11-22
66.1362,2019-11-25
65.6198,2019-11-26
66.5012,2019-11-27
66.3547,2019-11-29
65.5875,2019-12-02
64.4181,2019-12-03
64.9867,2019-12-04
65.9401,2019-12-05
67.2138,2019-12-06
66.2728,2019-12-09
66.6601,2019-12-10
67.2287,2019-12-11
67.4,2019-12-12
68.3162,2019-12-13
69.4856,2019-12-16
69.6222,2019-12-17
69.4558,2019-12-18
69.5254,2019-12-19
69.3813,2019-12-20
70.5135,2019-12-23
70.5806,2019-12-24
71.9809,2019-12-26
71.9536,2019-12-27
72.3807,2019-12-30
72.9095,2019-12-31
74.573,2020-01-02
73.848,2020-01-03
74.4365,2020-01-06
74.0864,2020-01-07
75.2782,2020-01-08
76.8771,2020-01-09
77.0509,2020-01-10
78.6971,2020-01-13
77.6344,2020-01-14
77.3017,2020-01-15
78.27,2020-01-16
79.1365,2020-01-17
78.6002,2020-01-21
78.8808,2020-01-22
79.2607,2020-01-23
79.0323,2020-01-24
76.7083,2020-01-27
78.8783,2020-01-28
80.5294,2020-01-29
80.4127,2020-01-30
76.8473,2020-01-31
76.6363,2020-02-03
79.1663,2020-02-04
79.8119,2020-02-05
80.7454,2020-02-06
79.6479,2020-02-07
80.0262,2020-02-10
79.5434,2020-02-11
81.4323,2020-02-12
80.8525,2020-02-13
80.8724,2020-02-14
79.3916,2020-02-18
80.5414,2020-02-19
79.7151,2020-02-20
77.9107,2020-02-21
74.21,2020-02-24
71.6963,2020-02-25
72.8337,2020-02-26
68.0727,2020-02-27
68.0328,2020-02-28
74.3667,2020-03-02
72.0049,2020-03-03
75.3448,2020-03-04
72.9009,2020-03-05
71.9327,2020-03-06
66.2434,2020-03-09
71.0144,2020-03-10
68.548,2020-03-11
61.7786,2020-03-12
69.1802,2020-03-13
60.2803,2020-03-16
62.9309,2020-03-17
61.3903,2020-03-18
60.92,2020-03-19
57.0524,2020-03-20
55.8404,2020-03-23
61.4426,2020-03-24
61.1041,2020-03-25
64.3196,2020-03-26
61.6566,2020-03-27
63.4162,2020-03-30
63.2868,2020-03-31
59.9568,2020-04-01
60.9573,2020-04-02
60.0812,2020-04-03
65.3226,2020-04-06
64.566,2020-04-07
66.2185,2020-04-08
66.6964,2020-04-09
68.0055,2020-04-13
71.44,2020-04-14
70.7879,2020-04-15
71.3504,2020-04-16
70.3822,2020-04-17
68.9213,2020-04-20
66.7909,2020-04-21
68.7148,2020-04-22
68.4485,2020-04-23
70.4245,2020-04-24
70.4743,2020-04-27
69.332,2020-04-28
71.6092,2020-04-29
73.1199,2020-04-30
71.9427,2020-05-01
72.9606,2020-05-04
74.0556,2020-05-05
74.8197,2020-05-06
75.5937,2020-05-07
77.393,2020-05-08
78.6108,2020-05-11
77.7124,2020-05-12
76.7741,2020-05-13
77.2457,2020-05-14
76.789,2020-05-15
78.5983,2020-05-18
78.1441,2020-05-19
79.6639,2020-05-20
79.0699,2020-05-21
79.579,2020-05-22
79.04,2020-05-26
79.3844,2020-05-27
79.4193,2020-05-28
79.3419,2020-05-29
80.3177,2020-06-01
80.6895,2020-06-02
81.1337,2020-06-03
80.435,2020-06-04
82.7258,2020-06-05
83.215,2020-06-08
85.8427,2020-06-09
88.0512,2020-06-10
83.8239,2020-06-11
84.5476,2020-06-12
85.5932,2020-06-15
87.8616,2020-06-16
87.7393,2020-06-17
87.7742,2020-06-18
87.2726,2020-06-19
89.556,2020-06-22
91.4676,2020-06-23
89.853,2020-06-24
91.0458,2020-06-25
88.2484,2020-06-26
90.2822,2020-06-29
91.0359,2020-06-30
90.8637,2020-07-01
90.8637,2020-07-02
93.2943,2020-07-06
93.0048,2020-07-07
95.1709,2020-07-08
95.5103,2020-07-09
95.7474,2020-07-10
95.3057,2020-07-13
96.8828,2020-07-14
97.5491,2020-07-15
96.3488,2020-07-16
96.1541,2020-07-17
98.1805,2020-07-20
96.8254,2020-07-21
97.0974,2020-07-22
92.6779,2020-07-23
92.4483,2020-07-24
94.6394,2020-07-27
93.0847,2020-07-28
94.8689,2020-07-29
96.0169,2020-07-30
106.069,2020-07-31
108.741,2020-08-03
109.468,2020-08-04
109.864,2020-08-05
113.698,2020-08-06
111.113,2020-08-07
112.728,2020-08-10
109.375,2020-08-11
113.01,2020-08-12
115.01,2020-08-13
114.908,2020-08-14
114.607,2020-08-17
115.562,2020-08-18
115.707,2020-08-19
118.275,2020-08-20
124.37,2020-08-21
125.857,2020-08-24
124.825,2020-08-25
126.522,2020-08-26
125.01,2020-08-27
124.808,2020-08-28
129.04,2020-08-31
134.18,2020-09-01
131.4,2020-09-02
120.88,2020-09-03
120.96,2020-09-04
112.82,2020-09-08
117.32,2020-09-09
113.49,2020-09-10
112.0,2020-09-11
115.355,2020-09-14
115.54,2020-09-15
112.13,2020-09-16
110.34,2020-09-17
106.84,2020-09-18
110.08,2020-09-21
111.81,2020-09-22
107.12,2020-09-23
108.22,2020-09-24
112.28,2020-09-25
114.96,2020-09-28
114.09,2020-09-29
115.81,2020-09-30
116.79,2020-10-01
113.02,2020-10-02
116.5,2020-10-05
113.16,2020-10-06
115.08,2020-10-07
114.97,2020-10-08
116.97,2020-10-09
124.4,2020-10-12
121.1,2020-10-13
121.19,2020-10-14
120.71,2020-10-15
119.02,2020-10-16
115.98,2020-10-19
117.51,2020-10-20
116.87,2020-10-21
115.75,2020-10-22
115.04,2020-10-23
115.05,2020-10-26
116.6,2020-10-27
111.2,2020-10-28
115.32,2020-10-29
108.86,2020-10-30
108.77,2020-11-02
110.44,2020-11-03
114.752,2020-11-04
118.825,2020-11-05
118.69,2020-11-06
116.32,2020-11-09
115.97,2020-11-10
119.49,2020-11-11
119.21,2020-11-12
119.26,2020-11-13
120.3,2020-11-16
119.39,2020-11-17
118.03,2020-11-18
118.64,2020-11-19
117.34,2020-11-20
113.85,2020-11-23
115.17,2020-11-24
116.03,2020-11-25
116.59,2020-11-27
119.05,2020-11-30
122.72,2020-12-01
123.08,2020-12-02
122.94,2020-12-03
122.25,2020-12-04
